"rule_id","domain","normalized_rule","current_locations","current_authority_class","proposed_canonical_owner","other_locations_action","compatibility_sensitive","test_coverage","layer","harness_component","stage1_action","notes"
"SAGE-AUTH-001","Authority","Project authority outranks SAGE-Kit defaults; SAGE-Kit authority outranks optional adapter and agent defaults without overriding host system authority.","docs/SAGE_CORE.md;docs/agent/AGENT_HARNESS.md;docs/agent/CAPABILITY_ADAPTERS.md","canonical-plus-guide-repetition","docs/SAGE_CORE.md","convert-to-reference","yes","tests/test_spec_sources.py;tests/test_active_scope.py","Context","ConstraintsRecovery","stage1a-authority-kernel-candidate","Proposed ownership only; preserve project-specific authority and approval gates."
"SAGE-AUTH-002","Authority","Non-trivial work requires an adopted active SPEC, phase, task, normalized manifest, execution packet, or explicit equivalent; path location alone is not authority.","docs/SAGE_CORE.md;docs/agent/AGENT_HARNESS.md;docs/QUALITY_GATES_TEMPLATE.md","canonical-plus-template-repetition","docs/SAGE_CORE.md","convert-to-reference","yes","tests/test_spec_sources.py;tests/test_active_scope.py","Context","Context","defer-outside-stage1a-1d","Templates retain the authority-reference field."
"SAGE-AUTH-003","Governance","Governance is selected per control scope: start Light and upgrade to Standard or Heavy only on defined risk triggers; parent Heavy governance does not make every worker Heavy.","docs/agent/GOVERNANCE_LEVELS.md;docs/SAGE_CORE.md;docs/agent/AGENT_HARNESS.md;docs/ENGINEERING_SYSTEM_TEMPLATE.md","canonical-plus-guide-and-template-repetition","docs/agent/GOVERNANCE_LEVELS.md","convert-to-reference","no","tests/unit/test_planning_depth_contract.py;tests/test_sagekit_check.py","Harness","Orchestration","stage1a-authority-kernel-candidate","Preserve Light, Standard, and Heavy user outcomes."
"SAGE-AUTH-004","Governance","Governance level and permission mode are independent; every active controller or worker records both and receives only the named mutation surface.","docs/agent/GOVERNANCE_LEVELS.md;docs/agent/AGENT_HARNESS.md;docs/QUALITY_GATES_TEMPLATE.md;docs/templates/MILESTONE_EXECUTION_PACKET_TEMPLATE.md","canonical-plus-template-fields","docs/agent/GOVERNANCE_LEVELS.md","retain-template-field","no","tests/unit/test_review_corrective_contracts.py;tests/unit/test_change_control_authority.py","Harness","ConstraintsRecovery","stage1a-authority-kernel-candidate","Retain packet fields; replace duplicated definitions with pointers."
"SAGE-AUTH-005","Roles","Project Manager decision, Coder implementation/orchestration, independent Final Review verdict, and acceptance remain separate authorities.","docs/agent/GOVERNANCE_LEVELS.md;docs/agent/SESSION_ORCHESTRATION.md;docs/agent/AGENT_HARNESS.md;docs/templates/MILESTONE_RESULT_PACKET_TEMPLATE.md;docs/templates/FINAL_REVIEW_PACKET_TEMPLATE.md","same-rule-different-wording","docs/agent/GOVERNANCE_LEVELS.md","convert-to-reference","no","tests/test_sagekit_check.py;tests/unit/test_review_corrective_contracts.py","Graph","Orchestration","stage1a-authority-kernel-candidate","Controller topology remains in Session Orchestration; authority meaning is proposed here."
"SAGE-AUTH-006","Roles","Final Review remains read-only; correction uses separately CORRECTIVE_AUTHORIZED workers and review verdict ownership stays independent from correction.","docs/agent/GOVERNANCE_LEVELS.md;docs/agent/SESSION_ORCHESTRATION.md;docs/ENGINEERING_SYSTEM_TEMPLATE.md;docs/templates/FINAL_REVIEW_PACKET_TEMPLATE.md;docs/templates/CORRECTIVE_PACKET_TEMPLATE.md","authority-rule-with-conflicting-template-wording","docs/agent/GOVERNANCE_LEVELS.md","convert-to-reference","no","tests/unit/test_review_corrective_contracts.py;tests/test_sagekit_check.py","Loop","ConstraintsRecovery","stage1a-authority-kernel-candidate","Engineering System wording can imply that the reviewer itself may receive corrective write authority."
"SAGE-AUTH-007","Roles","Commit, push, merge, publish, release, and cleanup require a distinct post-verdict SUBMIT_AUTHORIZED grant; implementation or review authority does not imply submit authority.","docs/agent/GOVERNANCE_LEVELS.md;docs/agent/AGENT_HARNESS.md;docs/ENGINEERING_SYSTEM_TEMPLATE.md;docs/templates/MILESTONE_EXECUTION_PACKET_TEMPLATE.md;docs/templates/MILESTONE_RESULT_PACKET_TEMPLATE.md","canonical-plus-template-repetition","docs/agent/GOVERNANCE_LEVELS.md","retain-template-field","yes","tests/unit/test_change_control_authority.py;tests/test_sagekit_check.py","Graph","ConstraintsRecovery","stage1a-authority-kernel-candidate","A separate node is optional; the permission boundary is not."
"SAGE-AUTH-008","Waiver","Finding ownership does not grant waiver authority; waivers require the named Waiver Authority or explicit delegation and human-only gates remain with their named human authority.","docs/agent/GOVERNANCE_LEVELS.md;docs/QUALITY_GATES_TEMPLATE.md;docs/templates/ENTRY_GATE_TEMPLATE.md;docs/templates/MILESTONE_CLOSEOUT_TEMPLATE.md","canonical-plus-weaker-template-wording","docs/agent/GOVERNANCE_LEVELS.md","convert-to-reference","no","tests/test_sagekit_check.py","Harness","ConstraintsRecovery","stage1a-authority-kernel-candidate","Generic project-owner waiver wording must not broaden authority."
"SAGE-AUTH-009","Approval","Approval is explicit and target-scoped; agents cannot infer, broaden, or cross closed approval gates or perform runtime, destructive, external, or submit mutations beyond the grant.","docs/SAGE_CORE.md;docs/APPROVAL_GATES_TEMPLATE.md;docs/agent/AGENT_HARNESS.md;docs/templates/AGENT_PROMPT_TEMPLATE.md","core-principle-plus-template-catalog","docs/SAGE_CORE.md","retain-template-field","yes","tests/unit/test_change_control_authority.py;tests/test_sagekit_check.py","Harness","ConstraintsRecovery","stage1a-authority-kernel-candidate","Project instances continue to own their exact gates."
"SAGE-AUTH-010","Prompt Envelope","A launch-only delta may clarify reporting or order but cannot change scope, gates, permissions, ownership, contracts, or runtime authority; missing or contradictory authority fails closed before edits.","docs/templates/AGENT_PROMPT_TEMPLATE.md;docs/templates/MILESTONE_EXECUTION_PACKET_TEMPLATE.md","near-exact-template-duplicate","docs/agent/AGENT_HARNESS.md","convert-to-reference","no","tests/test_sagekit_check.py::test_controller_launch_envelope_references_readable_project_authority","Prompt","Context","stage1b-context-graph-pointers-unauthorized","Templates retain envelope fields and a pointer."
"SAGE-AUTH-011","Serial Authority","Configured active-context and routing files have one serial owner; parallel workers return proposals and only an owner with matching permission applies updates.","docs/agent/SPEC_SOURCE_CONTRACT.md;docs/agent/AGENT_HARNESS.md;docs/SAGE_CORE.md;skills/sage-kit/SKILL.md;skills/sage-kit/references/claude/hooks/protect-serial-files.sh;skills/sage-kit/references/claude/hooks/protect-serial-files.ps1","canonical-context-rule-plus-local-host-enforcement","docs/agent/AGENT_HARNESS.md","retain-guide","yes","tests/test_claude_hooks.ps1;tests/test_claude_hooks.sh","Harness","ConstraintsRecovery","defer-outside-stage1a-1d","Location map: SPEC Source=canonical-context; Harness=proposed operational owner; Core and Skill=reference; both hooks=retain platform enforcement."
"SAGE-CTX-001","Source Selection","Resolve one current execution source in the order explicit source, configured mapping, ACTIVE_CONTEXT pointer, then explicitly enabled legacy adapter; explicit or configured failure has no legacy fallback.","docs/agent/SPEC_SOURCE_CONTRACT.md;docs/SAGE_CORE.md;docs/agent/AGENT_HARNESS.md;skills/sage-kit/SKILL.md;skills/sage-kit/references/adoption.md;skills/sage-kit/references/planning.md;skills/sage-kit/references/execution.md;skills/sage-kit/references/review-completion.md","canonical-plus-extensive-guide-repetition","docs/agent/SPEC_SOURCE_CONTRACT.md","convert-to-reference","yes","tests/test_spec_sources.py;tests/test_active_scope.py;tests/test_validation_compatibility.py","Context","Context","stage1b-context-graph-pointers-unauthorized","Location map: SPEC Source=canonical; Core/Harness/Skill/generic references=convert normative copy to pointer while retaining routing guidance."
"SAGE-CTX-002","Source Classification","ACTIVE_SPEC is executable authority; ACTIVE_CONTEXT is a compact handoff; ACCEPTED_HISTORY and REFERENCE_ONLY are non-executable; transient run state belongs under runtime state.","docs/agent/SPEC_SOURCE_CONTRACT.md;docs/SAGE_CORE.md;docs/agent/AGENT_HARNESS.md;skills/sage-kit/references/adoption.md","canonical-plus-guide-repetition","docs/agent/SPEC_SOURCE_CONTRACT.md","convert-to-reference","yes","tests/test_spec_sources.py;tests/test_active_scope.py","Context","StateMemory","stage1b-context-graph-pointers-unauthorized","Do not promote history or handoff summaries into execution authority."
"SAGE-CTX-003","Adoption","Default adoption is package-bound and version or digest bound; installed Skill and generic templates are not project authority; legacy projects remain supported without forced migration.","docs/SAGE_CORE.md;docs/agent/SPEC_SOURCE_CONTRACT.md;skills/sage-kit/SKILL.md;skills/sage-kit/references/adoption.md","canonical-plus-routing-repetition","docs/SAGE_CORE.md","convert-to-reference","yes","tests/test_thin_documentation.py;tests/test_spec_sources.py","Context","Context","defer-outside-stage1a-1d","Vendoring remains explicit legacy compatibility."
"SAGE-CTX-004","Context State","ACTIVE_CONTEXT is current handoff truth, not history or runtime state; it stays compact and links to authority rather than copying it.","docs/agent/SPEC_SOURCE_CONTRACT.md;docs/agent/AGENT_HARNESS.md;docs/SAGE_CORE.md;docs/ENGINEERING_SYSTEM_TEMPLATE.md","same-rule-plus-local-write-constraint","docs/agent/SPEC_SOURCE_CONTRACT.md","convert-to-reference","yes","tests/test_active_scope.py;tests/test_spec_sources.py","Context","StateMemory","defer-outside-stage1a-1d","Harness may retain only its serial-write delta."
"SAGE-CTX-005","Context Loading","Load active authority and capability metadata first, then only task-relevant Skill or reference bodies; broaden context only for a named correctness, safety, or acceptance decision.","docs/agent/AGENT_HARNESS.md;skills/sage-kit/SKILL.md","same-rule-different-wording","docs/agent/AGENT_HARNESS.md","convert-to-reference","no","tests/test_thin_documentation.py","Context","Context","stage1b-context-graph-pointers-unauthorized","Reduces repeated startup context."
"SAGE-CTX-006","History","Accepted history keeps its selected contract and is not batch rewritten; current work uses current checks while immutable accepted work receives historical integrity checks.","docs/agent/VALIDATION_CONTRACT_COMPATIBILITY.md;docs/SAGE_CORE.md;docs/agent/SPEC_SOURCE_CONTRACT.md","compatibility-rule-plus-core-principle","docs/agent/VALIDATION_CONTRACT_COMPATIBILITY.md","convert-to-reference","yes","tests/test_validation_compatibility.py;tests/test_frozen_contracts_and_containers.py","Context","StateMemory","defer-outside-stage1a-1d","Core retains the general principle; this path owns selector semantics."
"SAGE-CTX-007","Scope Authority","Validation scope authority is invocation manifest, project manifest, structured active context, then conservative current-or-ambiguous handling; closeout alone cannot authorize immutable history.","docs/agent/VALIDATION_CONTRACT_COMPATIBILITY.md","canonical-compatibility","docs/agent/VALIDATION_CONTRACT_COMPATIBILITY.md","retain-canonical","yes","tests/test_validation_scope_manifest.py;tests/test_validation_compatibility.py","Context","StateMemory","preserve-only-outside-stage1a-1d","No duplicate authority established."
"SAGE-GRF-001","Graph Admission","Begin with one bounded loop; admit a graph only for a concrete dependency, independent context or tool boundary, safe parallel work and join, independent evaluator, authority separation, or state boundary.","docs/SAGE_CORE.md;docs/agent/MILESTONE_PLANNING.md;docs/agent/SESSION_ORCHESTRATION.md;docs/agent/WAVE_EXECUTION.md;rebuild.md","distributed-current-guidance-plus-blueprint-proposal","docs/SAGE_CORE.md","convert-to-reference","no","tests/unit/test_planning_depth_contract.py;tests/test_sagekit_check.py","Graph","Orchestration","stage1b-context-graph-pointers-unauthorized","Graph is never mandatory for Light work."
"SAGE-GRF-002","Execution Shape","Before choosing execution shape record the dependency DAG, parallel candidates, serial barriers, and phase-internal lanes; SERIAL needs a concrete dependency, ownership conflict, gate, or runtime constraint.","docs/agent/MILESTONE_PLANNING.md;docs/agent/SESSION_ORCHESTRATION.md;docs/agent/WAVE_EXECUTION.md;docs/templates/MILESTONE_EXECUTION_PACKET_TEMPLATE.md","same-rule-different-wording","docs/agent/WAVE_EXECUTION.md","retain-template-field","no","tests/test_sagekit_check.py::test_planning_isolates_serial_barriers_before_rejecting_parallelism","Graph","Orchestration","stage1b-context-graph-pointers-unauthorized","Planning retains activation; packet retains fields."
"SAGE-GRF-003","Parallel Ownership","Parallel writable lanes require mutually exclusive writable ownership; shared files have one serial integration owner and overlapping lanes must merge, reassign, or become read-only before edits.","docs/agent/WAVE_EXECUTION.md;docs/agent/SESSION_ORCHESTRATION.md;docs/agent/MILESTONE_PLANNING.md;docs/agent/WORKTREE_ISOLATION.md;docs/templates/MILESTONE_TEMPLATE.md;docs/templates/ENTRY_GATE_TEMPLATE.md;docs/templates/MILESTONE_EXECUTION_PACKET_TEMPLATE.md","same-rule-plus-stronger-local-isolation-constraint","docs/agent/WAVE_EXECUTION.md","retain-template-field","yes","tests/test_sagekit_check.py;tests/test_convergence_authority.py","Graph","Orchestration","defer-outside-stage1a-1d",""
"SAGE-GRF-004","Serial Barriers","Public contract freeze, shared-file integration, approval gates, final integration, context or ledger updates, closeout, and real shared runtime smoke stay serial unless ownership is exclusive.","docs/agent/WAVE_EXECUTION.md;docs/agent/PHASE_EXECUTION.md;docs/agent/SESSION_ORCHESTRATION.md;docs/agent/WORKTREE_ISOLATION.md;docs/templates/WAVE_PLAN_TEMPLATE.md","base-rule-plus-local-constraints","docs/agent/WAVE_EXECUTION.md","retain-guide","yes","tests/test_sagekit_check.py","Graph","Orchestration","defer-outside-stage1a-1d","Do not flatten stronger runtime or isolation gates."
"SAGE-GRF-005","Affected Serialization","A failed readiness item serializes only the affected node; unrelated candidates remain eligible, and milestone-wide SERIAL is used only when the barrier cannot be isolated.","docs/agent/WAVE_EXECUTION.md;docs/agent/SESSION_ORCHESTRATION.md;docs/agent/MILESTONE_PLANNING.md","near-exact-duplicate","docs/agent/WAVE_EXECUTION.md","convert-to-reference","no","tests/test_sagekit_check.py::test_planning_isolates_serial_barriers_before_rejecting_parallelism","Graph","Orchestration","stage1b-context-graph-pointers-unauthorized","Prevents broad serialization without decision value."
"SAGE-GRF-006","Graph Change","Do not repartition active execution by default; apply a new graph or wave shape at the next safe barrier unless active authority permits repartitioning.","docs/agent/WAVE_EXECUTION.md;docs/agent/SESSION_ORCHESTRATION.md;docs/agent/MILESTONE_PLANNING.md","near-exact-duplicate","docs/agent/WAVE_EXECUTION.md","convert-to-reference","no","tests/test_sagekit_check.py","Graph","Orchestration","stage1b-context-graph-pointers-unauthorized","No runtime Graph evolution is authorized in Stage 1."
"SAGE-GRF-007","Wave Guide","The usual wave pattern is serial setup, parallel read-only discovery, serial contract and ownership freeze, parallel disjoint writes, parallel isolated validation, then serial integration and handoff.","docs/agent/WAVE_EXECUTION.md;docs/templates/WAVE_PLAN_TEMPLATE.md;docs/templates/PHASE_TEMPLATE.md","guide-example-repetition","docs/agent/WAVE_EXECUTION.md","retain-guide","no","tests/test_sagekit_check.py","Graph","Orchestration","defer-outside-stage1a-1d","This is a guide pattern, not mandatory topology."
"SAGE-GRF-008","Controller Topology","Heavy milestone flow is PM issue, Coder orchestration and result, PM structural gate, independent Final Review, bounded correction or re-review, PM decision, then ledger and closeout.","docs/agent/SESSION_ORCHESTRATION.md;docs/templates/MILESTONE_EXECUTION_PACKET_TEMPLATE.md;docs/templates/MILESTONE_RESULT_PACKET_TEMPLATE.md;docs/templates/MILESTONE_TEMPLATE.md","canonical-topology-plus-template-fields","docs/agent/SESSION_ORCHESTRATION.md","retain-template-field","no","tests/test_sagekit_check.py","Graph","Orchestration","defer-outside-stage1a-1d","Entry Gate currently omits part of this chain."
"SAGE-GRF-009","Controller Edits","Coder normally orchestrates workers; direct edits are limited to narrow named controller-owned integration or packet work with explicit ownership, tests, stops, and independent review.","docs/agent/SESSION_ORCHESTRATION.md;docs/templates/MILESTONE_TEMPLATE.md;docs/templates/ENTRY_GATE_TEMPLATE.md;docs/templates/MILESTONE_EXECUTION_PACKET_TEMPLATE.md","one-rule-plus-template-fields","docs/agent/SESSION_ORCHESTRATION.md","retain-template-field","no","tests/test_sagekit_check.py","Graph","Orchestration","defer-outside-stage1a-1d","A narrow integration worker may collapse into Coder only under this rule."
"SAGE-GRF-010","Controller Count","Use normally one Coder Controller and one Final Review Controller; add controllers only for separate scope, context contamination, specialized review, or independent runtime ownership.","docs/agent/SESSION_ORCHESTRATION.md","canonical-orchestration","docs/agent/SESSION_ORCHESTRATION.md","retain-canonical","no","tests/test_sagekit_check.py","Graph","Orchestration","preserve-only-outside-stage1a-1d","Primary anti-duplication and collapsibility guard."
"SAGE-GRF-011","Lane Status","Lane results distinguish DONE, DONE_WITH_CONCERNS, HANDOFF, and BLOCKED; HANDOFF is nonterminal and DONE_WITH_CONCERNS cannot auto-advance.","docs/agent/WAVE_EXECUTION.md;docs/templates/LANE_PACKET_TEMPLATE.md;docs/templates/MILESTONE_RESULT_PACKET_TEMPLATE.md","actual-status-ambiguity","docs/agent/WAVE_EXECUTION.md","retain-template-field","no","tests/test_sagekit_check.py","Graph","StateMemory","stage1b-context-graph-pointers-unauthorized","Wave Execution omits HANDOFF from one status list while templates permit it."
"SAGE-GRF-012","Worktree Isolation","Worktree isolation is optional and PM-authorized; PM names mode, count, base, naming, eligible scopes, serial files, runtime, integration, submit, and cleanup ownership.","docs/agent/WORKTREE_ISOLATION.md;docs/agent/SESSION_ORCHESTRATION.md;docs/templates/MILESTONE_TEMPLATE.md;docs/templates/ENTRY_GATE_TEMPLATE.md;skills/sage-kit/SKILL.md","canonical-policy-plus-guide-and-template-repetition","docs/agent/WORKTREE_ISOLATION.md","retain-template-field","yes","tests/test_claude_hooks.ps1;tests/test_claude_hooks.sh","Harness","Tools","defer-outside-stage1a-1d","Final Review cannot create or mutate its review worktree."
"SAGE-GRF-013","Worktree Recovery","Worktrees enable parallelism only with disjoint writes and nonconflicting runtime or dependency ownership; cleanup requires preservation, evidence, process checks, and a separately authorized owner.","docs/agent/WORKTREE_ISOLATION.md;docs/agent/SESSION_ORCHESTRATION.md","canonical-policy-plus-guide-repetition","docs/agent/WORKTREE_ISOLATION.md","convert-to-reference","yes","tests/integration/test_process_supervisor.py;tests/test_convergence_authority.py","Harness","ConstraintsRecovery","defer-outside-stage1a-1d","Never infer cleanup authority from implementation or review."
"SAGE-LOOP-001","Change Classification","C0 record-only work receives targeted consistency verification; C1 may auto-correct only in a bounded authorized envelope; C2 needs matching semantic authority; C3 external or destructive work needs human decision.","docs/agent/EXECUTION_ECONOMY.md;skills/sage-kit/references/review-completion.md;docs/templates/CORRECTIVE_PACKET_TEMPLATE.md","canonical-plus-guide-template-repetition","docs/agent/EXECUTION_ECONOMY.md","convert-to-reference","no","tests/test_execution_economy.py","Loop","ConstraintsRecovery","stage1c-loop-review-consolidation-unauthorized","Template retains change-class and authority fields."
"SAGE-LOOP-002","Review Topology","Each unit uses one primary review topology; Light has focused verification by default, Standard adds affected-lane review when required, and Heavy has lane or wave review plus one final integration review; reviewer stacking needs concrete risk.","docs/agent/EXECUTION_ECONOMY.md;sagekit/review.py;skills/sage-kit/references/review-completion.md;docs/templates/FINAL_REVIEW_PACKET_TEMPLATE.md","canonical-plus-runtime-and-guide-repetition","docs/agent/EXECUTION_ECONOMY.md","convert-to-reference","no","tests/test_execution_economy.py;tests/unit/test_lane_c_review_convergence.py","Loop","Orchestration","stage1c-loop-review-consolidation-unauthorized","Do not make an independent reviewer mandatory for Light."
"SAGE-LOOP-003","Verification Ladder","Verification escalates focused, affected-lane, then final integration; expensive verification is eligible only for a matching frozen candidate after review and corrective closure and runs once per candidate and kind.","docs/agent/EXECUTION_ECONOMY.md;skills/sage-kit/SKILL.md;skills/sage-kit/references/execution.md;sagekit/candidate.py","canonical-plus-runtime-and-skill-repetition","docs/agent/EXECUTION_ECONOMY.md","convert-to-reference","yes","tests/test_execution_economy.py;tests/test_verification_lifecycle.py","Loop","EvaluationObservability","stage1c-loop-review-consolidation-unauthorized","Current tests phrase-couple the duplicate Skill text."
"SAGE-LOOP-004","Attempt State","Final verification attempt state is PREFLIGHT, READY, STARTED, then PASSED, FAILED, or ABORTED; only STARTED consumes budget and attempt identity is idempotent across resume.","docs/agent/EXECUTION_ECONOMY.md;docs/agent/CONTINUITY_PROTOCOL.md;sagekit/continuity.py","canonical-loop-rule-plus-checkpoint-projection","docs/agent/EXECUTION_ECONOMY.md","retain-guide","yes","tests/test_verification_lifecycle.py;tests/unit/test_checkpoint_current_authority.py","Loop","StateMemory","defer-outside-stage1a-1d","Continuity owns persisted representation, not the decision."
"SAGE-LOOP-005","Verification Dependencies","A failed verification node skips only dependent successors while independent nodes continue; the helper is not a general scheduler.","docs/agent/EXECUTION_ECONOMY.md","canonical-loop-rule","docs/agent/EXECUTION_ECONOMY.md","retain-canonical","no","tests/test_verification_lifecycle.py","Loop","Orchestration","preserve-only-outside-stage1a-1d","Do not expand this into a Stage 1 scheduler."
"SAGE-LOOP-006","Candidate Binding","A frozen candidate binds repository inputs, review closure, corrective closure, contracts, and dependencies; clean-head is default, working-tree mode is explicit and digest-bound, and modes never silently fall back.","docs/agent/EXECUTION_ECONOMY.md;docs/agent/CONTINUITY_PROTOCOL.md;sagekit/candidate.py;skills/sage-kit/SKILL.md","canonical-plus-runtime-and-guide-repetition","docs/agent/EXECUTION_ECONOMY.md","convert-to-reference","yes","tests/test_execution_economy.py;tests/unit/test_candidate_snapshot.py","Loop","StateMemory","stage1c-loop-review-consolidation-unauthorized","Preserve candidate fingerprint version compatibility."
"SAGE-LOOP-007","Evidence","Evidence is immutable at its original identity; reuse is a separate decision, unchanged matching evidence is reused, and invalidation is limited to affected paths, contracts, dependencies, toolchains, platforms, authority versions, or candidate-bound evidence.","docs/agent/EXECUTION_ECONOMY.md;sagekit/evidence.py;docs/agent/CONTINUITY_PROTOCOL.md;skills/sage-kit/references/execution.md","canonical-plus-runtime-and-guide-repetition","docs/agent/EXECUTION_ECONOMY.md","convert-to-reference","yes","tests/test_execution_economy.py::EvidenceTests","Loop","EvaluationObservability","stage1c-loop-review-consolidation-unauthorized","Runtime implementation is not a competing documentation authority."
"SAGE-LOOP-008","Convergence","Finding-count or severity reduction resets no-progress; one stagnant same-root round is recorded, two consecutive stagnant rounds are BLOCKED, and a local event limit produces HANDOFF_READY rather than a false blocker.","docs/agent/EXECUTION_ECONOMY.md;docs/agent/SESSION_ORCHESTRATION.md;sagekit/convergence.py;sagekit/review.py;docs/templates/CORRECTIVE_PACKET_TEMPLATE.md;docs/templates/STRUCTURAL_GATE_TEMPLATE.md","actual-authority-conflict-resolved-by-current-precedence-and-runtime","docs/agent/EXECUTION_ECONOMY.md","convert-to-reference","no","tests/test_convergence_authority.py;tests/unit/test_lane_c_review_convergence.py","Loop","ConstraintsRecovery","stage1c-loop-review-consolidation-unauthorized","Location map: Economy=proposed canonical; convergence/review modules=implementation evidence; Session, Corrective and Structural Gate conflicting copies=pointer/correction."
"SAGE-LOOP-009","Convergence Window","A Preauthorized Convergence Window is explicit and opt-in, binds scope, paths, invariant, root-cause family, approval and stops, permits only implementation-preserving successors, and hands off on authority or scope expansion.","docs/agent/EXECUTION_ECONOMY.md;sagekit/convergence.py;docs/agent/CONTINUITY_PROTOCOL.md;docs/templates/CORRECTIVE_PACKET_TEMPLATE.md","canonical-plus-runtime-template-fields","docs/agent/EXECUTION_ECONOMY.md","retain-template-field","yes","tests/test_convergence_authority.py","Loop","ConstraintsRecovery","stage1c-loop-review-consolidation-unauthorized","Do not make the window automatic."
"SAGE-LOOP-010","Re-review Scope","Initial review batches findings once; corrective re-review checks original closure, direct regressions, new P0/P1, and authority or false-green blocking P2; unrelated ordinary P2/P3 enters backlog.","docs/agent/EXECUTION_ECONOMY.md;sagekit/review.py;skills/sage-kit/references/review-completion.md;docs/agent/SESSION_ORCHESTRATION.md;docs/templates/FINAL_REVIEW_PACKET_TEMPLATE.md","canonical-plus-runtime-and-guide-repetition","docs/agent/EXECUTION_ECONOMY.md","convert-to-reference","no","tests/unit/test_lane_c_review_convergence.py;tests/test_execution_economy.py","Loop","EvaluationObservability","stage1c-loop-review-consolidation-unauthorized","A stronger runtime safety category remains an unresolved narrow reconciliation."
"SAGE-LOOP-011","Deterministic Closure","Deterministic Closure is allowed only for a pre-authored MECHANICAL_STATUS predicate binding finding, fields, authority, allowed diff, checks, hashes, receipt owner, and verdict; ambiguity falls back to targeted or full review.","docs/agent/SESSION_ORCHESTRATION.md;skills/sage-kit/references/review-completion.md;docs/templates/FINAL_REVIEW_PACKET_TEMPLATE.md;docs/templates/CORRECTIVE_PACKET_TEMPLATE.md;docs/templates/COMPLETION_REPORT_TEMPLATE.md","detailed-current-authority-plus-guide-template-repetition","docs/agent/SESSION_ORCHESTRATION.md","retain-template-field","no","tests/test_sagekit_check.py::test_deterministic_closure_contract_is_complete_and_preserves_authority","Loop","EvaluationObservability","stage1c-loop-review-consolidation-unauthorized","Do not move this subsection in the minimal Stage 1 diff."
"SAGE-LOOP-012","Mechanical Normalization","Ordinary EOF, final-newline, or trailing-whitespace findings in exact writable scope route to byte-bound normalization and focused checks, never to a product blocker; protected or semantic bytes fail closed.","docs/agent/EXECUTION_ECONOMY.md;sagekit/candidate.py;skills/sage-kit/references/review-completion.md","canonical-plus-runtime-guide-repetition","docs/agent/EXECUTION_ECONOMY.md","convert-to-reference","yes","tests/unit/test_normalization.py;tests/unit/test_candidate_snapshot.py","Loop","ConstraintsRecovery","stage1c-loop-review-consolidation-unauthorized","Historical and checksum-bound content is excluded."
"SAGE-LOOP-013","Completion","Completion requires fresh scope-relevant evidence and no unresolved blocking gate; runtime or UI evidence is required only when that surface is in scope, with statuses PASS, FAIL, BLOCKED, WAIVED, or N/A.","docs/SAGE_CORE.md;docs/agent/AGENT_HARNESS.md;docs/QUALITY_GATES_TEMPLATE.md;docs/ENGINEERING_SYSTEM_TEMPLATE.md;docs/templates/COMPLETION_REPORT_TEMPLATE.md","distributed-loop-rule-and-template-authority","docs/agent/EXECUTION_ECONOMY.md","retain-template-field","no","tests/test_sagekit_check.py;tests/test_execution_economy.py","Loop","EvaluationObservability","stage1c-loop-review-consolidation-unauthorized","Proposed owner nomination; exact gate catalog remains project-owned."
"SAGE-LOOP-014","No Action","A no-action result is valid only when it names inspected scope, the applicable decision, and still-valid evidence; it must be contract-permitted and never silently converted to PASS.","rebuild.md","blueprint-proposal-only","docs/agent/EXECUTION_ECONOMY.md","investigate","no","none-current","Loop","EvaluationObservability","defer-stage-2-outside-stage1a-1d","Not current authority or runtime capability; proposed owner is unaccepted."
"SAGE-LIF-001","Product Intake","Project Owner Entry turns a non-technical idea into planning inputs through five outcome questions and follow-ups only when needed; it does not authorize implementation or directly create an executable roadmap.","docs/agent/PROJECT_OWNER_ENTRY.md;docs/templates/PROJECT_OWNER_INTAKE_TEMPLATE.md","guide-plus-template-field-repetition","docs/agent/PROJECT_OWNER_ENTRY.md","retain-template-field","yes","tests/test_thin_documentation.py;tests/unit/test_planning_depth_contract.py","Prompt","Context","defer-outside-stage1a-1d","Preserve the low-friction idea entry path."
"SAGE-LIF-002","Product Definition","The Project Profile owns durable product summary, users, problems, goals, non-goals, constraints, requirements, acceptance signals, privacy boundaries, runtime/data ownership, and project vocabulary.","docs/PROJECT_PROFILE_TEMPLATE.md;docs/templates/PROJECT_OWNER_INTAKE_TEMPLATE.md","template-product-authority-fields","docs/PROJECT_PROFILE_TEMPLATE.md","retain-template-field","yes","tests/test_thin_documentation.py","Context","Context","defer-outside-stage1a-1d","An adopted instance may become project authority; the source template does not."
"SAGE-LIF-003","Technical Design","Technical Design owns architecture, components, data ownership, public contracts, runtime boundaries, error handling, security, testing strategy, and architectural non-goals.","docs/TECHNICAL_DESIGN_TEMPLATE.md","template-product-authority-fields","docs/TECHNICAL_DESIGN_TEMPLATE.md","retain-template-field","yes","tests/test_thin_documentation.py","Context","Context","defer-outside-stage1a-1d","Preserve architecture outcome coverage."
"SAGE-LIF-004","Capability Planning","A broad idea is mapped to user, operator, data, integration, runtime, observability, security, and support capabilities; only in-scope capabilities are retained and one primary capability anchors each milestone candidate.","docs/agent/PROJECT_OWNER_ENTRY.md;docs/templates/CAPABILITY_MAP_TEMPLATE.md;docs/templates/ROADMAP_TEMPLATE.md;docs/templates/MILESTONE_ROADMAP_TEMPLATE.md","guide-plus-template-repetition","docs/templates/CAPABILITY_MAP_TEMPLATE.md","retain-template-field","yes","tests/unit/test_planning_depth_contract.py;tests/test_sagekit_check.py","Context","Orchestration","defer-outside-stage1a-1d","Suggested categories are prompts, not invented requirements."
"SAGE-LIF-005","Granularity","A milestone candidate becomes executable only after granularity review shows one primary capability, observable result, bounded ownership, reviewability, and named verification; broad candidates remain planning material and are split.","docs/agent/PROJECT_OWNER_ENTRY.md;docs/templates/CAPABILITY_MAP_TEMPLATE.md;docs/agent/MILESTONE_PLANNING.md;docs/templates/ROADMAP_TEMPLATE.md;docs/templates/MILESTONE_ROADMAP_TEMPLATE.md","same-rule-different-wording","docs/agent/MILESTONE_PLANNING.md","convert-to-reference","no","tests/unit/test_planning_depth_contract.py;tests/test_sagekit_check.py","Harness","Orchestration","defer-outside-stage1a-1d","Do not replace planning depth with arbitrary file or count ceilings."
"SAGE-LIF-006","Roadmap","The roadmap sequences design, foundation, product, hardening, and release outcomes; each milestone has one capability, inputs, deliverables, validation, closeout, non-goals, and required phase decomposition.","docs/templates/MILESTONE_ROADMAP_TEMPLATE.md;docs/templates/ROADMAP_TEMPLATE.md","compatibility-alias-plus-near-duplicate-template","docs/templates/MILESTONE_ROADMAP_TEMPLATE.md","retain-compatibility","yes","tests/test_thin_documentation.py;tests/test_sagekit_check.py","Context","Orchestration","defer-outside-stage1a-1d","ROADMAP_TEMPLATE is an explicit compatibility alias."
"SAGE-LIF-007","Milestone Entry","Implementation begins only after the first milestone has an accepted entry gate and phase documents name objective, non-goals, file and ownership boundaries, contracts, verification, runtime smoke, optional profiles, and stop conditions.","docs/templates/PROJECT_OWNER_INTAKE_TEMPLATE.md;docs/agent/MILESTONE_PLANNING.md;docs/templates/MILESTONE_TEMPLATE.md;docs/templates/ENTRY_GATE_TEMPLATE.md;docs/templates/PHASE_TEMPLATE.md","same-rule-plus-template-responsibilities","docs/agent/MILESTONE_PLANNING.md","retain-template-field","yes","tests/test_sagekit_check.py;tests/unit/test_planning_depth_contract.py","Harness","ConstraintsRecovery","defer-outside-stage1a-1d","Preserve entry and phase user outcomes."
"SAGE-LIF-008","Execution Packet","The Milestone Execution Packet carries readable authority input from PM to Coder: source refs, governance, permissions, DAG, ownership, worktree, evidence, candidate, adapter, gate, stop, and handoff fields.","docs/templates/MILESTONE_EXECUTION_PACKET_TEMPLATE.md;docs/agent/SESSION_ORCHESTRATION.md","template-fields-plus-guide-rules","docs/templates/MILESTONE_EXECUTION_PACKET_TEMPLATE.md","retain-template-field","yes","tests/test_sagekit_check.py","Graph","Context","defer-outside-stage1a-1d","Retain fields while moving generic normative prose to owners."
"SAGE-LIF-009","Result Packet","The Milestone Result Packet reports implemented and unimplemented scope, governance, permissions, evidence, skips, gaps, and stop conditions from Coder to PM; DONE is not acceptance and HANDOFF is nonterminal.","docs/templates/MILESTONE_RESULT_PACKET_TEMPLATE.md;docs/agent/SESSION_ORCHESTRATION.md","template-fields-plus-guide-rules","docs/templates/MILESTONE_RESULT_PACKET_TEMPLATE.md","retain-template-field","yes","tests/test_sagekit_check.py","Graph","EvaluationObservability","defer-outside-stage1a-1d","PM performs structural gating before Final Review."
"SAGE-LIF-010","Review And Acceptance","Final Review produces an independent verdict, correction uses bounded workers and closure verification, and only PM or project owner records acceptance after an acceptable verdict.","docs/agent/SESSION_ORCHESTRATION.md;docs/templates/FINAL_REVIEW_PACKET_TEMPLATE.md;docs/templates/CORRECTIVE_PACKET_TEMPLATE.md;docs/templates/COMPLETION_REPORT_TEMPLATE.md;docs/agent/MILESTONE_PLANNING.md","same-role-and-loop-rules-repeated-as-fields","docs/agent/SESSION_ORCHESTRATION.md","retain-template-field","no","tests/test_sagekit_check.py;tests/unit/test_review_corrective_contracts.py","Loop","EvaluationObservability","defer-outside-stage1a-1d","Submission records delivery and is not acceptance."
"SAGE-LIF-011","Closeout","Closeout order is Final Review verdict, corrective closure or explicit stop, PM or owner decision, ledger update, then compact historical closeout; HANDOFF cannot close and closeout is not startup context.","docs/templates/MILESTONE_TEMPLATE.md;docs/templates/ENTRY_GATE_TEMPLATE.md;docs/templates/MILESTONE_CLOSEOUT_TEMPLATE.md","complete-rule-plus-incomplete-template-copy","docs/templates/MILESTONE_TEMPLATE.md","convert-to-reference","yes","tests/test_sagekit_check.py;tests/test_thin_documentation.py","Context","StateMemory","stage1c-loop-review-consolidation-unauthorized","Entry Gate lists ledger and closeout without the full review and PM decision chain."
"SAGE-ADP-001","Skill Trigger","The SAGE-Kit Skill activates only for explicit SAGE-Kit scope or adoption; generic planning, review, or debugging does not trigger it.","skills/sage-kit/SKILL.md;skills/sage-kit/agents/openai.yaml;skills/sage-kit/references/claude.md;skills/sage-kit/references/opencode.md;skills/sage-kit/references/kimi-runtime.md","skill-entry-plus-host-mapping","skills/sage-kit/SKILL.md","retain-guide","yes","tests/test_thin_documentation.py","Prompt","ConstraintsRecovery","defer-outside-stage1a-1d","Do not broaden the trigger while thinning the Skill."
"SAGE-ADP-002","Skill Routing","The Skill detects activation, resolves project authority, selects governance, and routes only to task-relevant canonical owners and host references; it is not a second governance framework.","skills/sage-kit/SKILL.md;rebuild.md","current-skill-plus-blueprint-proposal","skills/sage-kit/SKILL.md","retain-guide","yes","tests/test_thin_documentation.py;tests/test_sagekit_check.py","Context","Context","stage1d-skill-adapter-thinning-unauthorized","Retain minimal fail-closed and host-routing invariants."
"SAGE-ADP-003","Capability Adapter","Optional capabilities follow Detect, Authorize, Bound, Invoke, Capture, Map, and Fallback and default to metadata-only or read-only behavior.","docs/agent/CAPABILITY_ADAPTERS.md;docs/agent/AGENT_HARNESS.md;skills/sage-kit/SKILL.md;skills/sage-kit/references/planning.md;skills/sage-kit/references/execution.md","canonical-adapter-contract-plus-guide-repetition","docs/agent/CAPABILITY_ADAPTERS.md","convert-to-reference","yes","tests/test_thin_documentation.py;tests/test_sagekit_check.py","Harness","Tools","stage1d-skill-adapter-thinning-unauthorized","Guides may retain task-shaped checklists and examples."
"SAGE-ADP-004","Capability Fallback","Missing optional capability is not product failure when a safe native path exists; BLOCKED applies only when active authority makes it required and no safe fallback exists.","docs/agent/CAPABILITY_ADAPTERS.md;skills/sage-kit/references/planning.md;skills/sage-kit/references/execution.md","canonical-plus-guide-repetition","docs/agent/CAPABILITY_ADAPTERS.md","convert-to-reference","no","tests/test_sagekit_check.py::test_capability_prose_does_not_activate_adapter_gate","Harness","ConstraintsRecovery","defer-outside-stage1a-1d","Dedicated end-to-end fallback coverage is a scenario candidate."
"SAGE-ADP-005","Adapter Permission","Adapter authorization is separate from SAGE-Kit role permission; both are required and environment, destructive, or submit writes remain separately gated.","docs/agent/CAPABILITY_ADAPTERS.md;skills/sage-kit/references/execution.md;skills/sage-kit/references/claude.md;skills/sage-kit/references/opencode.md;skills/sage-kit/references/kimi-runtime.md","canonical-plus-platform-mapping","docs/agent/CAPABILITY_ADAPTERS.md","retain-guide","no","tests/test_sagekit_check.py","Harness","ConstraintsRecovery","defer-outside-stage1a-1d","Location map: Capability Adapters=canonical; execution reference=pointer/checklist; host references=retain platform mapping only."
"SAGE-ADP-006","Adapter Installation","Do not silently install adapters or change global or environment configuration; exact writes, current provider guidance, rollback, fallback, and explicit approval are prerequisites.","docs/agent/CAPABILITY_ADAPTERS.md;skills/sage-kit/SKILL.md;skills/sage-kit/references/planning.md;skills/sage-kit/references/execution.md","canonical-plus-guide-repetition","docs/agent/CAPABILITY_ADAPTERS.md","convert-to-reference","yes","tests/test_sagekit_check.py","Harness","ConstraintsRecovery","defer-outside-stage1a-1d","Stage 0 installs nothing."
"SAGE-ADP-007","Runtime Override","Runtime-specific adapter bans and overrides outrank generic availability, propagate through delegation, and degrade to equivalent native behavior without becoming a false product blocker.","docs/agent/CAPABILITY_ADAPTERS.md;skills/sage-kit/SKILL.md;skills/sage-kit/references/execution.md;skills/sage-kit/agents/openai.yaml;docs/templates/AGENT_PROMPT_TEMPLATE.md;docs/templates/MILESTONE_EXECUTION_PACKET_TEMPLATE.md","exact-and-near-exact-launch-duplication","docs/agent/CAPABILITY_ADAPTERS.md","retain-guide","yes","tests/test_sagekit_check.py","Harness","Tools","stage1d-skill-adapter-thinning-unauthorized","Location map: Capability Adapters=canonical; Skill/execution=pointer; openai metadata and launch templates=retain only minimal pre-load enforcement."
"SAGE-ADP-008","Host Honesty","Host enforcement is labeled hard, managed or best-effort, or soft; unknown invocation, permission, delegation, persistence, containment, and resume behavior is never claimed as enforced.","docs/agent/HOST_RESOURCE_GOVERNANCE.md;skills/sage-kit/references/claude.md;skills/sage-kit/references/opencode.md;skills/sage-kit/references/kimi-runtime.md;skills/sage-kit/SKILL.md","canonical-host-rule-plus-legitimate-platform-deltas","docs/agent/HOST_RESOURCE_GOVERNANCE.md","retain-guide","yes","tests/integration/test_process_supervisor.py;tests/test_thin_documentation.py","Harness","ConstraintsRecovery","defer-outside-stage1a-1d","Preserve cross-platform capability honesty."
"SAGE-CMP-001","Optional Profiles","File, directory, record, template, or capability prose does not activate an optional profile; activation requires explicit project-owned authority.","docs/profiles/task-dispatch/DISPATCH_PROFILE.md;docs/profiles/task-dispatch/README.md;rebuild.md","profile-rule-plus-blueprint-generalization","docs/SAGE_CORE.md","retain-profile","yes","tests/test_spec_sources.py::test_active_task_dispatch_requires_explicit_profile_and_records;tests/test_sagekit_check.py","Context","Orchestration","defer-outside-stage1a-1d","Universal owner is a proposal; state-machine and control-plane intent is inferred, not a current defect."
"SAGE-CMP-002","Task Dispatch","Task Dispatch activation criteria guide a PM decision and do not automatically trigger the profile; Light work does not inherit it unless explicitly enabled.","docs/profiles/task-dispatch/DISPATCH_PROFILE.md;docs/profiles/task-dispatch/README.md;skills/sage-kit/SKILL.md","profile-rule-plus-guide-repetition","docs/profiles/task-dispatch/DISPATCH_PROFILE.md","retain-profile","yes","tests/test_spec_sources.py;tests/test_sagekit_check.py","Harness","Orchestration","defer-outside-stage1a-1d","Preserve ordinary phase-document path for small work."
"SAGE-CMP-003","Validation Selection","Task Dispatch contract selection happens before validation: explicit v2 selects current v2; v0 or v1 require terminal records and trusted immutable-container authority; mixed, active-unversioned, unsupported, or conflicting inputs fail closed.","docs/agent/VALIDATION_CONTRACT_COMPATIBILITY.md;docs/profiles/task-dispatch/DISPATCH_PROFILE.md;docs/profiles/task-dispatch/README.md;sagekit/validation_contracts/v0.py;sagekit/validation_contracts/v1.py;sagekit/validation_contracts/v2.py","canonical-compatibility-plus-profile-repetition-and-runtime","docs/agent/VALIDATION_CONTRACT_COMPATIBILITY.md","convert-to-reference","yes","tests/test_validation_compatibility.py;tests/test_frozen_contracts_and_containers.py","Harness","ConstraintsRecovery","defer-outside-stage1a-1d","Runtime modules remain executable contract implementations."
"SAGE-CMP-004","Validation No Fallback","After a contract version is selected, failure remains a failure of that version and never triggers validation under another version.","docs/agent/VALIDATION_CONTRACT_COMPATIBILITY.md;docs/profiles/task-dispatch/DISPATCH_PROFILE.md;docs/profiles/task-dispatch/README.md;sagekit/validation_contracts/v0.py;sagekit/validation_contracts/v1.py;sagekit/validation_contracts/v2.py","compatibility-rule-plus-profile-repetition","docs/agent/VALIDATION_CONTRACT_COMPATIBILITY.md","convert-to-reference","yes","tests/test_validation_compatibility.py::test_v2_failure_never_falls_back_to_v1;tests/test_frozen_contracts_and_containers.py","Harness","ConstraintsRecovery","defer-outside-stage1a-1d","Location map: compatibility doc=canonical selector; profile docs=references; version modules=implementation evidence. False-green critical rule."
"SAGE-CMP-005","Validation Manifest","A Validation Scope Manifest is exact migration authority for target-relative containers and frozen v0 or v1 history; it rejects globs, ranges, traversal, aliases, duplicates, nonterminal work, and merging invocation and project manifests.","docs/agent/VALIDATION_CONTRACT_COMPATIBILITY.md;docs/profiles/task-dispatch/DISPATCH_PROFILE.md;docs/profiles/task-dispatch/README.md","canonical-compatibility-plus-profile-repetition","docs/agent/VALIDATION_CONTRACT_COMPATIBILITY.md","convert-to-reference","yes","tests/test_validation_scope_manifest.py","Context","StateMemory","defer-outside-stage1a-1d","It is not routine runtime state."
"SAGE-CMP-006","Frozen Contracts","Frozen v0 and v1 are distinct semantic snapshots while v2 remains bound to the current validator; current and historical contracts are not flattened.","docs/agent/VALIDATION_CONTRACT_COMPATIBILITY.md;sagekit/validation_contracts/frozen_validator.py;sagekit/validation_contracts/v0.py;sagekit/validation_contracts/v1.py;sagekit/validation_contracts/v2.py;sagekit/resources/contracts/v0/evidence.schema.json;sagekit/resources/contracts/v0/policy.json;sagekit/resources/contracts/v0/rules.json;sagekit/resources/contracts/v0/task.schema.json;sagekit/resources/contracts/v0/validator.json;sagekit/resources/contracts/v1/evidence.schema.json;sagekit/resources/contracts/v1/policy.json;sagekit/resources/contracts/v1/rules.json;sagekit/resources/contracts/v1/task.schema.json;sagekit/resources/contracts/v1/validator.json;sagekit/resources/contracts/v2/evidence.schema.json;sagekit/resources/contracts/v2/policy.json;sagekit/resources/contracts/v2/task.schema.json","compatibility-doc-plus-executable-contracts","docs/agent/VALIDATION_CONTRACT_COMPATIBILITY.md","retain-compatibility","yes","tests/test_frozen_contracts_and_containers.py","Harness","EvaluationObservability","preserve-only-outside-stage1a-1d","Location map: compatibility doc=human selection owner; validator modules/bundles=executable version owners; v0/v1 resources remain pinned and v2 remains current."
"SAGE-CMP-007","Frozen Integrity","Frozen policy, schema, rules, validator sidecars, and engine are digest and provenance bound; corruption, missing artifact, provenance mismatch, or engine mismatch is a validation failure.","docs/agent/VALIDATION_CONTRACT_COMPATIBILITY.md;sagekit/validation_contracts/frozen_validator.py;sagekit/resources/contracts/v0/evidence.schema.json;sagekit/resources/contracts/v0/policy.json;sagekit/resources/contracts/v0/rules.json;sagekit/resources/contracts/v0/task.schema.json;sagekit/resources/contracts/v0/validator.json;sagekit/resources/contracts/v1/evidence.schema.json;sagekit/resources/contracts/v1/policy.json;sagekit/resources/contracts/v1/rules.json;sagekit/resources/contracts/v1/task.schema.json;sagekit/resources/contracts/v1/validator.json","compatibility-doc-plus-executable-owner","sagekit/validation_contracts/frozen_validator.py","retain-compatibility","yes","tests/test_frozen_contracts_and_containers.py","Harness","ConstraintsRecovery","preserve-only-outside-stage1a-1d","Location map: frozen validator=executable owner; each listed v0/v1 file=immutable compatibility resource; documentation=human contract. No Stage 1 change."
"SAGE-CMP-008","Current Contract","Active or new Task Dispatch records carry matching v2 metadata and canonical policy identity; task and evidence select the same version and digest.","docs/agent/VALIDATION_CONTRACT_COMPATIBILITY.md;docs/profiles/task-dispatch/DISPATCH_PROFILE.md;docs/profiles/task-dispatch/schemas/task.schema.json;docs/profiles/task-dispatch/schemas/evidence.schema.json;sagekit/resources/contracts/v2/task.schema.json;sagekit/resources/contracts/v2/evidence.schema.json;sagekit/resources/contracts/v2/policy.json","machine-contract-plus-human-selection-rule","docs/agent/VALIDATION_CONTRACT_COMPATIBILITY.md","retain-compatibility","yes","tests/test_validation_compatibility.py","Harness","ConstraintsRecovery","preserve-only-outside-stage1a-1d","Location map: compatibility doc=selection; profile=application; source schemas=machine shape; packaged schemas/policy=canonical-JSON compatibility resources."
"SAGE-CMP-009","Legacy Reconciliation","Closed legacy history is validated pair-by-pair and only then excluded from active ID, lease, lock, and dispatch-board reconciliation; active, current, and ambiguous records remain strict.","docs/agent/VALIDATION_CONTRACT_COMPATIBILITY.md;docs/profiles/task-dispatch/README.md","canonical-plus-guide-repetition","docs/agent/VALIDATION_CONTRACT_COMPATIBILITY.md","convert-to-reference","yes","tests/test_validation_compatibility.py;tests/test_sagekit_check.py","Loop","EvaluationObservability","defer-outside-stage1a-1d","Closeout alone is not immutable-history authority."
"SAGE-CMP-010","Dispatch Acceptance","When Task Dispatch is active, acceptance requires matching task and evidence pairs, complete board membership or archival authority, no orphan records, no overlapping active exclusive locks, and state-truth reconciliation.","docs/profiles/task-dispatch/DISPATCH_PROFILE.md;docs/profiles/task-dispatch/README.md;docs/profiles/task-dispatch/templates/DISPATCH_BOARD_TEMPLATE.md;docs/profiles/task-dispatch/templates/DECISIONS_TEMPLATE.md","profile-rule-plus-template-fields","docs/profiles/task-dispatch/DISPATCH_PROFILE.md","retain-template-field","yes","tests/test_sagekit_check.py","Loop","EvaluationObservability","defer-outside-stage1a-1d","Applies only when the profile is active."
"SAGE-CMP-011","Validator Meaning","Validator success establishes structured-record completeness, not product correctness; Final Review still inspects actual evidence and changed surfaces.","docs/profiles/task-dispatch/DISPATCH_PROFILE.md;docs/profiles/task-dispatch/README.md","profile-rule-plus-guide-repetition","docs/profiles/task-dispatch/DISPATCH_PROFILE.md","convert-to-reference","no","tests/test_sagekit_check.py","Loop","EvaluationObservability","defer-outside-stage1a-1d","Prevents validator false green."
"SAGE-CMP-012","Execution Document Selection","An execution-document project lock selects one exact contract version without fallback; selection semantics do not belong to either selected version.","docs/agent/VALIDATION_CONTRACT_COMPATIBILITY.md;docs/contracts/execution-documents/2026.7.19.3/contract.json;docs/contracts/execution-documents/2026.7.20.1/contract.json","cross-version-selector-plus-version-identities","docs/agent/VALIDATION_CONTRACT_COMPATIBILITY.md","retain-compatibility","yes","tests/test_thin_execution_documents.py::test_project_lock_selects_exact_version_without_fallback;tests/test_thin_documentation.py","Graph","Orchestration","preserve-only-outside-stage1a-1d","Compatibility document owns cross-version selection; each version contract owns only its local identity."
"SAGE-CMP-013","Mirrors","Source execution contracts, runtime resources, and packaged documentation mirrors retain their defined relationship: execution-document files are byte-identical; v2 Task Dispatch schemas are canonical-JSON equivalent; frozen v0 and v1 are pinned semantic snapshots.","docs/contracts/execution-documents/2026.7.19.3/contract.json;docs/contracts/execution-documents/2026.7.20.1/contract.json;sagekit/resources/execution_documents/2026.7.19.3/contract.json;sagekit/resources/execution_documents/2026.7.20.1/contract.json;sagekit/resources/docs/contracts/execution-documents/2026.7.19.3/contract.json;sagekit/resources/docs/contracts/execution-documents/2026.7.20.1/contract.json;docs/profiles/task-dispatch/schemas/task.schema.json;docs/profiles/task-dispatch/schemas/evidence.schema.json;sagekit/resources/contracts/v0/policy.json;sagekit/resources/contracts/v1/policy.json;sagekit/resources/contracts/v2/policy.json","compatibility-mirror-taxonomy","docs/agent/VALIDATION_CONTRACT_COMPATIBILITY.md","retain-compatibility","yes","tests/test_thin_routing.py;tests/test_thin_documentation.py;tests/test_frozen_contracts_and_containers.py","Context","Tools","defer-outside-stage1a-1d","Representative exact roots are listed; report section 3 defines and validates the complete version-directory families. Packaged resources are not independent business authority."
"SAGE-CMP-014","Resource Contract","The project selects an exact resource contract and each phase selects the bound profile or records N/A with reason; missing or unknown selections fail closed.","docs/contracts/resource-governance/conservative-host-v1.json;docs/contracts/execution-documents/2026.7.20.1/contract.json;docs/contracts/execution-documents/2026.7.20.1/project.schema.json;docs/contracts/execution-documents/2026.7.20.1/milestone.schema.json;docs/contracts/execution-documents/2026.7.20.1/phase.schema.json;docs/contracts/execution-documents/2026.7.20.1/profiles/standard-milestone-v1.json;docs/contracts/execution-documents/2026.7.20.1/profiles/standard-phase-v1.json","canonical-machine-contract","docs/contracts/resource-governance/conservative-host-v1.json","retain-compatibility","yes","tests/test_thin_execution_documents.py","Graph","Tools","preserve-only-outside-stage1a-1d","Location map: resource contract=policy owner; execution-document contract/schema/profile files=selection fields and bindings; packaged counterparts remain byte mirrors."
"SAGE-CMP-015","State Machine Profile","When adopted, state-machine transitions have stable IDs, mutations emit event or audit records, replay explains durable state, visible transitions have assertions, and real external effects retain approval gates.","docs/profiles/state-machine/README.md;docs/profiles/state-machine/STATE_TRANSITION_TABLE_TEMPLATE.md;docs/profiles/state-machine/TEST_MATRIX_TEMPLATE.md","profile-rule-plus-template-checklists","docs/profiles/state-machine/README.md","retain-profile","yes","tests/test_thin_documentation.py","Graph","StateMemory","defer-outside-stage1a-1d","Presence alone is not proven activation authority."
"SAGE-CMP-016","Control Plane Profile","When adopted, the control plane owns product state, users, permissions, audit, UI, browser APIs, and orchestration while the execution boundary owns scoped execution and local observation; bypass, agent-owned authorization, hidden mutation, secret exposure, and unknown-error success are forbidden.","docs/profiles/control-plane-agent/README.md;docs/profiles/control-plane-agent/CONTROL_BOUNDARY_TEMPLATE.md;docs/profiles/control-plane-agent/BOUNDARY_TEMPLATE.md","profile-rule-plus-template-and-compatibility-alias","docs/profiles/control-plane-agent/README.md","retain-compatibility","yes","tests/test_thin_documentation.py","Harness","ConstraintsRecovery","defer-outside-stage1a-1d","BOUNDARY_TEMPLATE is a declared compatibility alias and must not be deleted casually."
"SAGE-LIF-012","Structural Gate","The Structural Gate checks Coder result-packet completeness before independent review and records post-review corrective or closure routing without performing technical review or PM acceptance.","docs/templates/STRUCTURAL_GATE_TEMPLATE.md;docs/templates/MILESTONE_RESULT_PACKET_TEMPLATE.md;docs/agent/SESSION_ORCHESTRATION.md","template-gate-fields-plus-controller-guide","docs/templates/STRUCTURAL_GATE_TEMPLATE.md","retain-template-field","yes","tests/test_sagekit_check.py","Graph","EvaluationObservability","stage1c-loop-review-consolidation-unauthorized","Retain capability, scope, governance, permission, ownership, evidence, tests, runtime smoke, gate, skip, blocker, receipt, waiver, convergence and PM-pending fields."
"SAGE-CMP-017","Historical Execution Contract Identity","Execution-document version 2026.7.19.3 owns its frozen local schemas, profiles and digest identity independently of current versions and package release.","docs/contracts/execution-documents/2026.7.19.3/contract.json;sagekit/resources/execution_documents/2026.7.19.3/contract.json;sagekit/resources/docs/contracts/execution-documents/2026.7.19.3/contract.json","versioned-canonical-plus-byte-mirrors","docs/contracts/execution-documents/2026.7.19.3/contract.json","retain-compatibility","yes","tests/test_thin_execution_documents.py::test_v19_contract_resources_match_base_commit_bytes;tests/test_thin_documentation.py","Graph","Orchestration","preserve-only-outside-stage1a-1d","Historical contract owns only its version-local identity; packaged copies remain byte mirrors."
"SAGE-CMP-018","Current Execution Contract Identity","Execution-document version 2026.7.20.1 owns its local schemas, profiles and digest identity independently of historical versions and package release.","docs/contracts/execution-documents/2026.7.20.1/contract.json;sagekit/resources/execution_documents/2026.7.20.1/contract.json;sagekit/resources/docs/contracts/execution-documents/2026.7.20.1/contract.json","versioned-canonical-plus-byte-mirrors","docs/contracts/execution-documents/2026.7.20.1/contract.json","retain-compatibility","yes","tests/test_thin_execution_documents.py::test_contract_digest_binds_schema_and_profile_resources;tests/test_thin_documentation.py","Graph","Orchestration","preserve-only-outside-stage1a-1d","Current contract owns only its version-local identity; packaged copies remain byte mirrors."
